localidad,ha_verdes_km2,cobertura_arbolado_pct,pm25,pm10,residuos_no_gestionados_kg_por_hab_dia,porcentaje_reciclaje,porcentaje_transporte_limpio,ha_verdes_km2_norm,cobertura_arbolado_pct_norm,pm25_norm,pm10_norm,residuos_no_gestionados_kg_por_hab_dia_norm,porcentaje_reciclaje_norm,porcentaje_transporte_limpio_norm,ecoscore_0_500,ecoscore_category
Bosa,13.257935261861578,56.72652351334657,9.682680657104235,36.95077300541146,0.2800215371522749,12.769025667653231,29.86746422452032,0.5133905473719418,0.8012463673147449,0.10695793109611888,0.2455674639279312,0.1602672364053646,0.21601550421701915,0.8295406821715521,351.9755962442405,Bueno
Sumapaz,11.017864075570696,62.850347218141806,10.719667282113434,54.02653928025221,0.2806923777240922,13.0876178805825,6.110229041464779,0.41863213898020035,0.8974143766578146,0.13318780680707934,0.45269566186618637,0.16088185957656406,0.2253355553536147,0.03088277685330639,288.0990877762159,Moderado
Antonio Nariño,6.330587451297526,26.96968519534983,35.46042526869889,98.30276889926554,0.9960321922545202,28.516246025955496,22.88809635446159,0.2203532292177922,0.33394749599934115,0.7589885561439688,0.9897641309983081,0.8162751732231363,0.676682441582496,0.594912061433638,162.09226650853103,Crítico
Suba,3.8767688160083873,29.41289192159636,29.728722532650444,56.87253798939392,0.8317169427658201,5.6898688214027455,11.900265118631092,0.11655297957170786,0.37231540771645083,0.6140090098770253,0.48721748504361334,0.6657297769547148,0.008922859973127447,0.22552908352475343,136.63470866218395,Crítico
Kennedy,9.102764113687073,11.108826089656484,9.04490704491161,42.9438868744382,0.6753719672460312,8.643800369460084,8.617006573318363,0.33762050622059214,0.08486990653982653,0.09082587868956596,0.318263637894616,0.5224867342825135,0.095336751978735,0.11515427045357857,205.88572501995927,Moderado
Bosa,23.62983289390046,42.588209164751305,8.364272244599897,68.8390726169217,0.4947135325358527,32.99706298806163,7.308596048876275,0.952137546855222,0.5792194749817249,0.0736096815022857,0.6323709565231048,0.3569677351189762,0.807763621616942,0.07116883188316045,337.41566387670713,Moderado
Ciudad Bolívar,8.756870368498126,7.336247796788236,33.0387652583648,35.41237759614641,1.064920594894419,11.249063171901676,25.8886632763442,0.3229886762290487,0.025625656214343474,0.6977343031446083,0.22690680391954007,0.8793906290678801,0.17155073825220574,0.6957835001399059,157.91939363415506,Crítico
Suba,13.450974921840784,35.26387117860991,7.910520254567741,21.448382889236434,0.5316896181648989,27.846113774815613,15.196248913041984,0.5215564177460886,0.46419869093604854,0.06213233163575405,0.05752424075321607,0.3908451718194734,0.6570784883299028,0.3363316871494621,320.4550119626308,Moderado
Suba,17.87245501348427,40.27190125599248,37.87440237161425,25.954776362405184,0.9982593834187348,13.336397336635429,26.743003145862843,0.7085917310807707,0.5428443715579412,0.8200484751935637,0.11218657006100365,0.8183157225782663,0.23261331406224486,0.724504236596069,231.744419458166,Moderado
San Cristóbal,9.727110457103056,23.625181388338486,33.24968908625985,25.88389631141066,0.5830483994272402,8.48044874657708,6.960690223968271,0.364031303408365,0.281425691181749,0.7030694787936849,0.11132679855816346,0.4379000136619773,0.09055808691182239,0.059473121703584486,165.10426684147583,Crítico
Kennedy,24.32276998530305,43.4041619369857,8.25395122567599,27.91172894854502,0.5146388723673982,13.511026684980893,14.45871013491831,0.9814498367050972,0.5920331282817531,0.07081918590196402,0.1359243078640196,0.37522330293789175,0.2377218961005994,0.3115375067202783,341.50574068739394,Moderado
Santa Fe,24.09873507861067,6.982516246038212,8.393508563407677,26.800309675199863,0.608947764236567,30.27934261494807,21.184738771260115,0.9719728203887035,0.020070685869454315,0.07434919442374431,0.12244284720588149,0.4616289746102346,0.7282598176177859,0.5376495058826484,336.8517984631705,Moderado
Chapinero,7.04277509980874,7.427632268698937,44.465583140047016,69.47435330827324,0.4315156615805562,34.94937638372,28.721694945168903,0.25047984682806684,0.027060750229482775,0.9867679373109566,0.6400768797986236,0.2990659362543495,0.8648763191147815,0.7910228291649252,185.7903010529331,Crítico
Barrios Unidos,12.93396414141725,58.46903644287779,19.97083183024481,30.45980717392731,0.9223703181938762,34.05769525984471,14.562575087962095,0.4996860776541624,0.8286106429316865,0.36718976057092556,0.1668323703506071,0.7487862696987142,0.8387912067523529,0.31502918263267965,295.9305698262675,Moderado
Tunjuelito,8.221079435602473,28.412391691732086,19.82568588267564,44.38171908252838,0.652992429101727,18.90142353664592,23.77674129311028,0.300323907206246,0.35660363675576995,0.3635183919410215,0.33570447126079406,0.5019826334840649,0.39541179643477825,0.6247860471817362,244.57606528515643,Moderado
Chapinero,7.836171865059223,13.258933322372512,37.5119826903001,91.227014842011,0.355433964661499,28.38297977997261,31.579332447085616,0.284041733235247,0.11863500860873902,0.8108813143384352,0.9039355852484863,0.2293599944924373,0.6727838898384886,0.8870893438015889,203.3732547175267,Moderado
Usaquén,1.885286736508787,38.94581190356229,42.88994309535435,55.28673942234415,1.0895320306020253,12.174450339553731,23.475895645469137,0.032310267398563124,0.5220195765635339,0.9469131874609917,0.46798182708253894,0.9019395912175628,0.1986218824097099,0.6146723806326693,126.93431081677741,Crítico
Barrios Unidos,15.629544015517524,55.0495809514097,44.44004255291483,71.7424077742873,0.5222803435105325,15.260170559135464,11.988784242609013,0.6137131943483836,0.7749118032028068,0.9861219054240398,0.6675882679735408,0.38222440785600814,0.28889110140695373,0.22850487164117683,197.42845068571222,Crítico
Barrios Unidos,13.064296557492677,19.028366787294807,35.13512741035767,29.647189052138536,0.6979081472253874,36.37175364823919,5.73202344669614,0.5051993365116217,0.20923770360866295,0.7507603667078165,0.15697535284000358,0.5431343501059125,0.9064863406497176,0.018168465370083,205.2801832869194,Moderado
La Candelaria,2.2354900299997444,45.487880928235015,20.05038342123663,31.344566598737018,1.0971193220610016,5.455067322875761,31.10296621702789,0.047124397818988015,0.6247556750235681,0.3692019642908204,0.17756445828857176,0.9088910567866435,0.002054010439423974,0.8710751210803521,215.59273711633315,Moderado
Engativá,7.687515141678674,10.54758522459492,8.34002866794675,18.473832382650706,0.7866617955053912,7.992798579906383,5.638082325511614,0.2777533283887936,0.07605622747968485,0.07299645661870001,0.02144309064909448,0.624450315557434,0.07629243851962743,0.015010403479026206,199.90088636581532,Crítico
Puente Aranda,22.798381263199687,8.3593118759595,36.08587663709747,29.359480361133983,0.2285878447792004,12.276018930110956,31.24105018052598,0.9169658819268504,0.04169176795548659,0.7748089257231804,0.15348546068876523,0.11314376111048594,0.2015931554648848,0.8757171532105927,266.51399033293006,Moderado
Antonio Nariño,6.749485376007338,39.53805105192962,27.3361699894322,38.68017881771648,1.1338153359748226,5.92862713558369,20.86811402081636,0.23807324671858915,0.5313200500420443,0.5534910105826755,0.26654507065088473,0.9425118921827373,0.01590746162736745,0.5270053859750558,178.38886622275308,Crítico
Antonio Nariño,4.477476930189354,40.141282904656926,21.96888036987905,30.04589116352348,0.7904788583785596,11.350240228142903,33.17203095538689,0.14196384381394866,0.5407931520197663,0.4177290477662713,0.16181158967506828,0.6279475030954789,0.17451055741836907,0.9406318223199072,244.84842521361267,Moderado
Ciudad Bolívar,12.746866246661511,46.43294359738343,41.25417540378944,22.53971536934973,0.4683961761227947,25.406454633939227,28.96349707320996,0.4917715529600364,0.6395968592211608,0.9055375494276935,0.0707620496057773,0.3328558108619793,0.5857090479416067,0.7991516025510009,266.90564017730566,Moderado
Barrios Unidos,24.655610898654416,52.195936691973,9.447899292246053,25.25404904355107,0.2531992799297259,19.749859270737428,34.93802331600013,0.9955295121144544,0.7300984151902787,0.10101929517646548,0.1036867824400987,0.135692722749772,0.42023181433522655,1.0,421.1677889576839,Bueno
Sumapaz,6.80932651627601,68.43038516506475,24.705004171634364,54.16619528278169,0.9734277081973256,36.24350988769412,15.521354463551305,0.24060461770488153,0.9850428204672226,0.4869374498025134,0.4543896822497877,0.7955649773014388,0.9027347159780412,0.3472609100146842,262.79606383176366,Moderado
Santa Fe,17.131253137741083,38.55952263957769,5.454145790696763,32.538366064492365,0.7820800315213647,33.61052466084543,28.015648667933807,0.677237767656647,0.5159533226446125,0.0,0.19204518659450326,0.6202525099567366,0.8257097418567227,0.767287346627104,364.16720226842494,Bueno
Usme,19.278870767889224,25.99217074118099,23.74642567976505,45.962938189086415,0.6868072011739536,16.963607309425658,17.057927408277266,0.7680852504118024,0.31859669171542876,0.4626908548180227,0.35488458059324973,0.5329636792310684,0.33872319703380294,0.3989165896401821,252.20619655678277,Moderado
Ciudad Bolívar,6.703301055817592,56.68710265996574,7.252131027273494,57.79046802266284,1.0832818413560534,14.079820170095235,19.396268609117264,0.23611957993307894,0.8006273055685239,0.04547882118067929,0.498351930816892,0.896213176781195,0.25436129955207365,0.47752568160700376,258.889119219774,Moderado
Bosa,18.47719236668463,22.604096332034825,9.752716650722878,73.68356043349604,0.9674569323469836,18.28923428585434,23.825163896551103,0.734173038244131,0.26539065784828,0.10872944421268807,0.6911343534465753,0.7900945610180038,0.3775028994463941,0.626413892119757,272.3356630728217,Moderado
Fontibón,9.826795185262078,33.533142345866345,9.701049871084194,18.34153188649341,0.2668423677060263,25.660322988018272,31.21031342559016,0.3682481185877759,0.43701947177804557,0.10742256794676108,0.019838292192947114,0.1481925002323802,0.5931356765469498,0.8746838615786258,346.8598184758765,Moderado
Bosa,16.17533993424591,10.099664787247288,30.968412084642544,82.94988390726863,0.442894274575103,14.382227428800668,34.52250407597886,0.6368011894451135,0.06902212282868571,0.6453661191055465,0.8035343975642656,0.3094910051848316,0.2632078783472624,0.9860312985371502,230.67216405269153,Moderado
Rafael Uribe Uribe,16.204713058261472,6.647798322004738,34.84179517061693,68.37153310672716,0.3733380537959123,26.84521177471969,28.048202415935545,0.6380437171371984,0.014814303909840017,0.7433407259864631,0.6266997254548854,0.2457636953172396,0.6277982440394191,0.7683817209509255,234.5664232440204,Moderado
San Cristóbal,13.858592417794204,67.57214695406512,28.334750603886384,21.94951771565411,0.9183409218299444,19.329407826693416,17.533003465020013,0.5387992560029964,0.9715651202144601,0.5787494322178393,0.06360298134085986,0.7450945425205112,0.4079319877860584,0.4148874400115095,271.8906905754384,Moderado
Los Mártires,3.1669544813058,59.33870783329338,43.48690193898168,89.25418304907606,0.1368856782093573,24.321651329819307,17.640710068312103,0.08652675673482078,0.8422678888666728,0.9620128578861187,0.8800052334546709,0.029126367424337468,0.5539743668752176,0.4185082624477649,198.62979309163197,Crítico
Rafael Uribe Uribe,21.04725989414171,50.238323396090365,19.994823180948163,93.27415404520411,0.726878653358448,20.26442851973609,27.127469047666743,0.8428907923278209,0.6993562216191047,0.3677966055696077,0.9287672822430098,0.5696770863368446,0.43528494972071646,0.7374290037011232,300.57292707216476,Moderado
Fontibón,8.69872155932166,31.581941386927543,16.42848345127443,20.19162658766341,0.9387045543147594,15.306301583967118,12.16331437304907,0.3205288934144853,0.4063779770037103,0.2775884528351667,0.042279849151539935,0.7637516734406806,0.29024061182486854,0.23437213133356705,223.92354974438513,Moderado
Chapinero,5.476444249596502,16.264130804604974,39.74396512757841,38.53460009251232,1.0644422004379244,38.19586574367548,8.31422339394184,0.18422167642288687,0.16582837560962085,0.8673378013431132,0.2647792079350127,0.8789523247519405,0.9598486556041108,0.1049754690087485,144.6959379203373,Crítico
Sumapaz,1.978603397314334,15.168407773620594,13.943833540778105,83.52710878241021,0.4762899235874982,31.72620279559163,15.638664729223295,0.0362577036713394,0.14862123383664486,0.21474091289029082,0.8105361066687857,0.3400880509846367,0.7705860588875174,0.35120458318759373,217.02501956485193,Moderado
Antonio Nariño,15.181430636517804,21.26578838069869,43.52890157762445,78.60207368261096,1.003383035139214,9.90396115182584,13.617169749622452,0.5947573188240132,0.2443739830104302,0.9630752103552216,0.7507956751950253,0.8230100049470732,0.13220131569168617,0.2832470564139874,122.848644584654,Crítico
Bosa,17.261544684214776,40.69973320589783,5.486178987592654,30.684286645292072,0.2216949106507279,35.396379156426946,13.889243613679705,0.6827492976679717,0.549563008301769,0.0008102580621003564,0.1695552952038491,0.10682846473323532,0.8779528744440032,0.2923934886770644,371.0663635644203,Bueno
Barrios Unidos,1.3981078942685476,51.44873497550405,43.79515306830556,32.79469248362038,1.03109752090797,22.060091938732977,12.0082325314973,0.011701863533838001,0.7183644226531852,0.969809861834802,0.19515441334447217,0.8484019771189552,0.48781503115393904,0.22915867371645463,143.70533511509578,Crítico
Kennedy,13.290233399182744,47.91282948665253,6.7263964780230445,46.49012873726747,0.2402375285651806,36.309327941293205,6.262795689090856,0.514756807562824,0.6628368620178557,0.03218072113654923,0.3612793757934927,0.12381718471188333,0.9046601479263445,0.03601168003903469,337.24115997063814,Moderado
Antonio Nariño,6.435898604750511,23.195703301486283,40.645724547922846,56.184453741236815,0.537016019616404,32.99493395815603,5.536218042002414,0.2248080507199726,0.2746812036425821,0.8901471963211944,0.4788710572431538,0.39572521320149184,0.8077013392798784,0.011585984994832111,159.23443754230092,Crítico
Santa Fe,16.484146969826796,67.0662432431076,26.108044363451995,67.55165558007516,0.9770249023575088,19.882472656423168,34.63167169208094,0.649864195375862,0.9636204511404697,0.5224264030457938,0.616754651723365,0.7988607214395169,0.4241112673972591,0.9897012365132183,300.4678341462146,Moderado
Los Mártires,5.184794296119795,52.96329958522495,44.718591844772014,46.357659363430656,0.2649091700836511,5.786425791204109,17.83319401207587,0.17188444108496065,0.7421490171418001,0.9931676214714624,0.3596725288594693,0.1464213073392601,0.011747523789826611,0.42497908374280396,177.03864989735806,Crítico
La Candelaria,17.58250571445918,41.03301341324104,7.951862589415954,54.31545087131757,0.3521765347559056,14.403707578473114,16.52979941479045,0.6963264360052994,0.5547968124801199,0.06317805804968915,0.4562001451354973,0.22637554187784362,0.26383625558074286,0.38116226790332675,316.10473822149044,Moderado
San Cristóbal,10.281648311212898,44.7618485052329,27.15417137605283,78.5350297413693,0.8944778252323728,23.957197513130343,25.38941848079209,0.38748909562943634,0.6133541232800118,0.548887478682285,0.7499824355132123,0.7232312075917584,0.5433126869263022,0.6790001581565311,233.83855681731745,Moderado
Rafael Uribe Uribe,23.48151972968163,32.274004057806344,43.77210142476396,18.118072245700823,0.8920401902006817,27.171737693915155,11.547616635951924,0.9458636750823389,0.41724607063399355,0.9692267860935656,0.01712773783396096,0.7209978498666194,0.6373503866870526,0.2136739372368941,227.99108820093346,Moderado
Kennedy,4.300502659503838,21.102514317575235,25.92391376680596,36.45714026924176,0.8052623961738269,14.02606899016208,33.49883551850676,0.13447756377111833,0.24180994093723296,0.5177689440698232,0.23957972332288394,0.6414921592522451,0.2527888702041518,0.9516181616737356,212.23393669500445,Moderado
San Cristóbal,9.185592425206204,28.138224112332004,30.1759455254105,75.63471480018696,0.86334328891381,9.877462592548843,28.59035043246656,0.3411242694122986,0.3522981322853085,0.6253212131709454,0.7148017591352734,0.6947057900039407,0.1314261306197191,0.786607360252755,187.07883920766588,Crítico
Chapinero,3.7233645097741377,54.259997180184,32.829947559384685,91.09258120341194,0.6969968876823557,34.222558287975474,7.682330069367786,0.110063744770529,0.7625122464636226,0.6924524006027616,0.9023049118803264,0.5422994554175864,0.8436140862527187,0.0837328203966389,188.35370614849194,Crítico
Tunjuelito,23.192646838685505,5.935576760934131,23.18164259071093,58.49258257983162,0.376978964797648,39.45407632462432,17.52742327354785,0.9336439136989347,0.0036296367735635746,0.44840504835507966,0.5068685455697454,0.24909949276294197,0.9966561684030888,0.41469984814746924,296.50976851706713,Moderado
Engativá,22.056144481143544,12.544721632949557,30.102323203362538,60.22964624755184,0.4802655928543113,23.399156380594004,31.37354922686494,0.8855681403961867,0.10741908866519567,0.6234589863009958,0.5279390416990478,0.3437305534734012,0.5269878312628743,0.8801714346112001,276.2660940415714,Moderado
San Cristóbal,7.190599065163735,7.990171731413929,28.37257247692401,24.109620963880964,0.2997574884815682,11.008775004690625,33.34196066874231,0.25673302474710835,0.03589482235730372,0.5797061109299912,0.08980492659850965,0.1783492867497367,0.16452138249572015,0.9463444276746148,229.12092818140707,Moderado
Rafael Uribe Uribe,16.8396171048203,7.647372150733059,41.04632041963956,53.03005117999364,1.099295617466991,14.530756428177911,19.02204533749609,0.6649011211793476,0.030511526745461703,0.900279998106714,0.4406083106368842,0.9108849755209747,0.2675529245012015,0.46494524571320595,147.095851105009,Crítico
Barrios Unidos,20.61333280482918,60.60493796071547,6.817855213658315,60.27246764867697,0.7417309742427324,5.643673679161336,23.40234167632123,0.8245350183716368,0.8621526596560494,0.03449410803136424,0.5284584631707101,0.5832847614612651,0.007571473873656676,0.6121996830112976,329.18709285785036,Moderado
Chapinero,14.324819478387097,50.73776085970154,16.238527583689212,35.60999280895202,0.5409365584400039,37.000458229617465,10.011018382762256,0.5585213677293179,0.7071993452918566,0.2727836475684799,0.22930386664895439,0.3993172052571358,0.9248783747624858,0.16201740680512788,316.19331970669117,Moderado
Engativá,13.711613880544157,35.82129889067613,43.01645936306235,37.88567463069738,0.6082063840085459,9.12128790115494,34.7350587841093,0.5325818409749401,0.47295248856417,0.9501133309318549,0.25690777427056755,0.46094972310703985,0.10930510409746946,0.9931768479520108,222.0728429330371,Moderado
San Cristóbal,6.80445498161084,11.359220442315095,40.61055135563665,47.06915386389292,1.1420116735729968,25.178076642998874,11.950151041503302,0.24039854440055006,0.08880207826891624,0.8892575141982293,0.36830292185921787,0.9500213649523463,0.5790281107822619,0.2272061215453394,118.2543840802863,Crítico
Los Mártires,3.234466427341581,36.9550318825941,23.22627011142852,16.70605181110674,0.2686865434276881,14.59193272405221,33.281953224053765,0.08938261443833084,0.49075653554774645,0.4495338713249037,0.0,0.14988213138755346,0.26934256713136384,0.9443271297984447,273.9513392013189,Moderado
Puente Aranda,22.53317819087984,35.775665100736774,29.80530391206147,42.37672907457015,0.7448528152184769,24.396230088052768,24.48939946977105,0.9057473897702508,0.47223585938789053,0.6159460841027485,0.3113840419138265,0.5861449876925058,0.5561560832268158,0.6487438049845367,287.09453666161244,Moderado
Antonio Nariño,22.610033371919933,16.25812154415099,16.095247319245306,32.973080594706296,0.6564775467729125,27.799713592315246,23.23210384636577,0.9089984804840586,0.16573400669187566,0.2691594701320893,0.1973182522837106,0.5051756933034263,0.655721104011954,0.606476719559089,315.19335335343015,Moderado
Kennedy,16.19443497455843,33.20035720046825,12.524846388950452,42.83727493512275,0.7725996589781126,34.04096312975206,20.38065533049526,0.6376089386091865,0.431793442010595,0.1788485920731743,0.3169704403587814,0.6115666062092923,0.8383017274061572,0.5106182629137537,314.21144424442684,Moderado
Los Mártires,9.136714985168815,30.90280773582928,23.547936197599284,25.179781204636352,0.1199212022029245,12.224744511621113,11.92009435153276,0.33905667957294416,0.39571291960617794,0.4576701975389621,0.10278591723782433,0.013583538801786617,0.20009318094281248,0.22619569197019282,241.63171021975356,Moderado
Kennedy,9.38102979070386,45.03025637339407,19.13408912104212,90.69481886289108,1.0593362998385665,5.384854003046817,10.295840960165249,0.34939156636615,0.6175691777324881,0.3460249193520293,0.8974800744192295,0.8742743059348838,0.0,0.17159241843014483,172.4980340392641,Crítico
Puente Aranda,18.422936292885744,46.28108730639685,28.346244474034883,65.45535855209414,1.1253301107319735,9.790997052408256,11.61458627210526,0.7318779240396224,0.6372121208755801,0.5790401618937696,0.591326672752443,0.9347377409667884,0.1288966800463539,0.21592528630668387,201.99711746553055,Moderado
Teusaquillo,22.53064623886185,7.944760635182893,8.109385478599393,72.72369712728161,0.7216465019481297,36.50065246468368,10.593147864327635,0.9056402843600223,0.03518169034417839,0.06716249305132319,0.679491259152401,0.5648833967075876,0.9102571282332045,0.1815871214115902,292.1043145497642,Moderado
Rafael Uribe Uribe,22.29007418236281,29.34981995072063,43.97579230664666,82.07955528162375,0.8663159062645813,35.58615271468803,28.3875342070026,0.8954637215271584,0.371324930822135,0.974379009262492,0.792977354504388,0.6974292977636818,0.8835044830382776,0.7797891938901501,241.39112826939024,Moderado
Antonio Nariño,19.71701310058297,45.680894521425365,44.44842977918412,57.36758690896987,1.1147493192950253,25.90945857596079,15.503757775001905,0.7866193355556987,0.6277867441607697,0.9863340546430339,0.4932224038831342,0.9250436350048314,0.600423853487061,0.3466693540398785,202.71042496753736,Moderado
Teusaquillo,16.408759507702907,37.7038568077057,32.92646856078981,22.38822448743101,0.8779624977447383,26.01809011517787,6.735280296901891,0.6466751913980997,0.5025160188160297,0.6948938340883009,0.06892447272220674,0.7080998881989125,0.6036017450345076,0.05189541247935734,223.79748119972376,Moderado
Fontibón,3.019359159881172,60.67183967724095,26.443854653764816,60.65405605457656,0.2677929472056874,28.27628360911894,34.07307890422434,0.08028325080078698,0.8632032785520264,0.5309204973426115,0.5330871116070949,0.14906341980866067,0.6696626152809841,0.9709227657678672,296.5869307947525,Moderado
Antonio Nariño,4.87908913827073,47.81508605523143,17.38110465145311,64.88149503177473,0.7339171961834944,11.137994751820736,31.51357654890277,0.15895264928646474,0.6613019074405764,0.30168436215327493,0.5843657367151892,0.5761257891933723,0.1683015585396901,0.8848787975195666,250.39114018790815,Moderado
Teusaquillo,22.565300524649903,15.59073776029293,37.55180078827794,78.36235530566805,0.7673865510211414,37.0044181073736,32.83256849585639,0.9071062132043041,0.15525346821536487,0.8118884862110679,0.7478879031729856,0.6067903641647202,0.9249942164613225,0.9292199566388294,263.55184801372286,Moderado
Usaquén,15.554297431830156,9.58696858102794,32.38924690215517,51.69106142952275,0.5665437384326246,19.65696837122256,34.847234679393054,0.6105301497421372,0.06097078498379466,0.6813051753772036,0.42436643137894053,0.42277846689476,0.41751439721557104,0.9969479166333707,242.08806620434467,Moderado
Bosa,1.2207292387991115,46.75725308341052,11.504677573795652,25.84432573762292,0.910088659187195,18.40984848873241,10.216857476584618,0.004198477401372374,0.6446897879509473,0.15304411149419786,0.11084680946085934,0.7375338313051517,0.3810313301267538,0.16893719432409077,227.05163998001046,Moderado
Fontibón,3.4353170287847705,6.723235185205418,41.4370873797537,39.12095199289158,1.1278037162459162,23.16211968489932,16.887260567079764,0.09787889948219784,0.015998958027073035,0.9101641842172657,0.27189162740295597,0.9370040547962536,0.5200535935901708,0.39317920391967137,109.55491802782448,Crítico
Usaquén,16.92404245859334,43.07541278277512,37.90148971692676,45.86199519388399,1.118125364197454,6.643808837126927,27.74715427112274,0.6684724416804115,0.5868704793784392,0.8207336312830944,0.35366014706832066,0.928136762509659,0.036829285073881626,0.7582612469612743,205.55923278708295,Moderado
Barrios Unidos,1.1214780123092485,66.11496569262223,42.99199653167696,69.9029655131861,0.5959233085445452,10.81991790646278,25.880618541613767,0.0,0.9486816689721824,0.9494945601480259,0.6452759245846106,0.4496959869573098,0.15899658389248708,0.6955130565912715,178.6620710677897,Crítico
Kennedy,4.859393234019968,42.40582156193213,34.0287803355344,63.51615589685751,0.2245618504248308,30.831176574922967,9.616877190195652,0.15811948266655534,0.5763552754982812,0.7227760653041783,0.5678042407308681,0.1094551508485718,0.7444030895408129,0.1487673809991202,213.00661837614405,Moderado
Suba,14.169610944798066,30.231045203423925,29.5366078374316,45.26822170131693,1.183325318858568,7.897953377379427,29.47499374971853,0.5519558113748053,0.38516361763295226,0.609149598524642,0.34645770405525794,0.9878728675984051,0.07351785049851893,0.8163468216533037,205.89977272775457,Moderado
Ciudad Bolívar,17.60548474462464,46.81373419875296,21.729721451624755,98.85379614740329,1.0227878950905274,26.110323831323587,11.73321715509982,0.6972984838304715,0.6455767626075994,0.4116796845925445,0.9964480641867007,0.8407887098450907,0.6062999370056567,0.21991335527971256,236.25747459047972,Moderado
La Candelaria,16.64707022806241,34.78643788194858,42.30913933416053,66.4908596453354,0.2371289493235935,13.587218838846232,11.714528444678692,0.6567560962828,0.4567011188393752,0.9322221489257193,0.6038872496515407,0.12096910886248566,0.23995081049779457,0.2192850883032302,198.05313904834287,Crítico
Kennedy,6.382463427053435,40.46509130553577,39.642555580016335,35.16427729755953,1.1129260708791096,18.62534649146918,21.109232686802407,0.22254766166551185,0.54587821175078,0.8647727153870293,0.22389735960371107,0.923373177417213,0.38733547794905726,0.5351111831027827,169.50922728807444,Crítico
Santa Fe,18.09230131234086,66.19521257047413,6.808746804247576,23.65151017273432,1.056885998268341,15.104280786974495,22.788198045251093,0.717891562933418,0.9499418591525383,0.034263716972302995,0.08424806542466709,0.8720293431452791,0.28433072425632006,0.5915537340119438,341.9060241939468,Moderado
Santa Fe,6.693978099923202,30.096671457050327,6.05467897989008,27.99302683066822,0.6707218628386792,17.44854507627322,22.402586235134336,0.23572520475988562,0.3830534236888319,0.015190081080079198,0.13691044714171552,0.5182263152838344,0.3529094972686086,0.5785904443799297,280.4863182043567,Moderado
Usaquén,8.809592755822425,67.47738664855441,20.058534675121983,35.906406912683195,0.750402979319422,30.16660668144859,7.744605121932646,0.3252189131697487,0.9700770123940847,0.3694081447478724,0.23289935502476922,0.5912300400934943,0.7249618567056645,0.08582634949006257,275.67722970516127,Moderado
Usme,18.91579372283258,63.84779172714414,37.422133231273314,28.65791672706224,0.5389029742571433,15.399260046811126,31.32382587891141,0.7527265407762788,0.9130781608366143,0.8086086330076141,0.14497552860575252,0.3974540383410609,0.292960005432514,0.8784998619464525,302.3131290095501,Moderado
Engativá,16.59118957713315,17.726423761304268,44.49104517259778,30.858197044360992,0.1602378027042344,24.8241624103914,12.968001277661182,0.6543922600019008,0.188792100481721,0.9874119822128365,0.17166481971842049,0.05052155044435625,0.5686747543221562,0.2614236612242551,215.6545303163959,Moderado
Bosa,21.38136185186027,9.508484556885756,11.016675644141127,39.233089338977,0.4687169658104909,21.66176407696849,8.885447638484125,0.8570238118263649,0.05973827850894676,0.14070043255674436,0.27325184784884454,0.3331497179144489,0.47616240472392624,0.12417857724495124,281.8577611868386,Moderado
Fontibón,16.78270941520824,11.550570089532732,28.765228614085405,29.73675560005416,0.9831387934578124,28.228490787692685,31.66244239606932,0.6624938396045961,0.09180701693934358,0.589638082496932,0.15806179062362724,0.8044622597100137,0.6682644909026153,0.8898832891935919,254.9978588043964,Moderado
Bosa,14.63940648005132,6.184418667350732,20.23563426524086,91.22506109324614,0.1050952253050631,37.78904087636653,33.6695449468926,0.5718288749910809,0.007537429018216242,0.3738877591664663,0.9039118863728764,0.0,0.9479474589863518,0.9573569790673502,303.850828140896,Moderado
Fontibón,3.2481944278742194,11.138792449135344,43.79657591258413,21.819868381239587,0.4668490888602585,30.64002340235876,30.86382851796352,0.08996332968025479,0.08534049571372523,0.9698458517190328,0.06203034134515198,0.33143837172760143,0.7388111219065745,0.8630359190290294,195.87267925447793,Crítico
Kennedy,9.825179273426404,49.3954402720632,38.684756925428346,59.583468113471646,0.5379855629500376,12.522913250676488,29.285482241746344,0.3681797630664929,0.6861196563530132,0.8405458458594254,0.5201009329837548,0.39661350741530016,0.20881576668895965,0.8099759260998213,222.7116432914813,Moderado
Barrios Unidos,7.364856824361411,9.627262149914884,38.53314818844552,49.88373029412123,0.6911351632317151,6.091409727144963,24.65725941917065,0.26410439223423915,0.061603551780485925,0.8367110053399347,0.40244359435200255,0.5369289518703872,0.020669480333190143,0.6543868301320895,141.81328298949902,Crítico
Chapinero,6.855751441098006,25.733415969094484,23.74772639179881,98.50218243723154,1.1118411780540365,14.179241550493876,21.52572111827418,0.24256846243122823,0.3145332286669916,0.46272375544967836,0.9921830073227191,0.922379200164538,0.25726975842765815,0.5491124663205273,160.619964183083,Crítico
Usaquén,24.352253314058693,59.91689521301455,21.592780093506608,24.52330668428445,0.4809805938025573,25.82772757450892,7.609602797342304,0.9826970262248202,0.8513476945592389,0.40821584550677303,0.09482291386776688,0.3443856363182433,0.5980329064329164,0.0812879142327765,334.0997005237319,Moderado
Puente Aranda,10.43434539200225,6.512675822828681,15.93628287722825,48.81772591888804,0.4816485220858504,6.799903471948762,17.25359639212096,0.3939484137217433,0.012692351615059433,0.26513857202597096,0.38951301415533696,0.3449975912548675,0.04139565524756413,0.40549448389295334,209.80254540961985,Moderado
Usme,22.40911732425072,57.940451368280826,7.255019866037085,97.40498682840636,0.9112513729207232,22.37281865204327,16.18065551036942,0.9004994269655772,0.8203097876420996,0.04555189240444489,0.9788740790096998,0.7385991079627074,0.4969634938016386,0.36942493663514886,317.91699520680305,Moderado
Santa Fe,16.14732702393431,23.320560360271,39.588895050202126,88.56810570098833,0.5974397349787878,25.889499712091123,12.792613512809789,0.6356162008555576,0.27664194832998296,0.8634154085581215,0.8716831492525084,0.45108533468471385,0.5998399797313801,0.2555275700412807,183.64515404573842,Crítico
Barrios Unidos,20.07547128499956,12.680713795407655,37.516040365203104,84.4511260306888,0.3470653052339801,16.698536178593628,26.70260341065755,0.8017826603813495,0.10955469807857801,0.8109839504822527,0.8217443900581993,0.22169264070956193,0.33096884399587034,0.7231461001106632,221.86010033921065,Moderado
Kennedy,13.063290234524612,50.28791574866979,44.98870693144522,36.92174029881989,0.5976834677459627,31.981927131103767,19.876272052363124,0.5051567675239192,0.7001350157281625,1.0,0.2452152986370275,0.4513086422969539,0.7780669821088712,0.493662178197386,239.85916528282894,Moderado
Santa Fe,14.84569323103262,45.88128504069246,44.86547348295622,29.5254449281556,0.2549427224177798,8.730938859682013,7.431386477229438,0.5805551174046795,0.6309336599209426,0.9968828932222044,0.1554986026547243,0.1372900622605721,0.09788588893775542,0.07529673420622253,196.22296002389584,Crítico
Usaquén,12.820424651652733,62.03568087925844,27.21726822410509,71.83467369357663,0.2940256851568456,7.629822360753307,11.60549605849434,0.4948831850472044,0.88462092539829,0.5504834708023855,0.6687074489980359,0.1730978167520457,0.06567398399818611,0.21561969641352277,241.15442661258368,Moderado
Santa Fe,5.685831707153068,52.779617847252574,35.75949660722042,93.9969590758448,0.6482045500134276,30.48660646712612,25.49776290978788,0.19307908342703958,0.7392644946694031,0.7665533634895415,0.9375348714128084,0.4975959855200067,0.734323084774589,0.6826424226729171,219.57507319729143,Moderado
Usme,18.338850766276128,57.22626047501516,42.79062919529712,62.32484590618403,0.5608179944550027,22.342196067216943,7.283925784709005,0.7283209787429409,0.8090941942796508,0.9444011094919545,0.5533537096341992,0.41753254846220517,0.4960676650747154,0.07033948026241578,219.49685544216314,Moderado
Antonio Nariño,7.738536698580539,23.33224721713492,38.98589562709646,63.58707860494149,1.10633049117491,29.09408387497076,30.53620742146306,0.27991161762320615,0.2768254777413866,0.848162945758322,0.5686645296620875,0.9173303167376449,0.693586427564973,0.8520221298968772,181.86625628973033,Crítico
Los Mártires,1.583583194354892,16.533570345681984,14.893924069727904,38.79822296112416,0.4986332890282964,20.21895685113112,19.85439581041923,0.019547750012679742,0.1700596313662809,0.23877281059031455,0.267976940255309,0.36055901040393534,0.4339547280157725,0.4929267545071913,223.97366517814297,Moderado
Santa Fe,16.491335101772027,53.789958856655794,23.02176541240374,80.40689932131464,0.7386471853058477,13.624071163368738,19.41759731979944,0.6501682642584085,0.755130804399367,0.44436106320148194,0.7726881206712937,0.580459398453534,0.24102888314085827,0.4782426986868665,256.0826568300803,Moderado
Usaquén,5.250656305769175,57.44425805237216,10.1663766060598,30.898718627389485,0.7954907167114833,33.66858111859699,22.772233539785528,0.17467050397709158,0.812517609790391,0.11919269316249266,0.17215634451064393,0.632539360522705,0.8274081171876172,0.5910170478867981,316.7699495764543,Moderado
Usme,23.571006024469945,69.38283423004377,43.16204109034889,42.51273509436072,0.114403902247167,32.97955576391428,29.74042897775448,0.9496490810635906,1.0,0.9537957223151372,0.3130337881878478,0.008528596483554748,0.8072514677798694,0.8252700798349656,354.59546378059576,Bueno
Los Mártires,23.894285848062097,31.82014899924272,29.2469853780352,51.16209728239543,0.8298911092183815,29.314376479904936,15.434276237065792,0.963324307876127,0.41011876919352763,0.6018237941894097,0.4179501225114517,0.6640569508732973,0.7000308359958098,0.3443335612121876,269.0795877232158,Moderado
Bosa,22.956745365290764,29.181175576530904,14.14571222013851,58.14688218817868,0.2958395635567266,14.525079803048694,25.340484576771907,0.9236649236146216,0.3686765538383179,0.21984729762140467,0.5026752169660901,0.1747596895443917,0.2673868613196782,0.6773551245916962,326.07608665116913,Moderado
Fontibón,9.883808806130666,55.4668424482298,31.86802737623427,35.60482725528182,1.1571773492164006,25.65807334041805,21.97195891987373,0.37065988121533017,0.7814644424457159,0.6681212797961881,0.2292412087391516,0.9639161352583221,0.5930698656770587,0.5641138478008735,233.72285729784258,Moderado
Antonio Nariño,1.3709587966928185,27.15223011644616,29.72512961831584,24.7611301028323,0.2635290005284242,17.63408639290094,13.01084810508264,0.010553415533036781,0.336814165995699,0.6139181295376227,0.09770770013846625,0.14515679796927897,0.35833729647004586,0.26286406273454366,194.64856158076492,Crítico
Antonio Nariño,23.27964550210541,65.49922616423171,19.32650872131362,66.90270360753877,0.556086536099726,8.205372566432196,31.35889959065474,0.9373240891006501,0.9390121475140795,0.35089204307161376,0.6088828964851836,0.4131975930929432,0.08251104758892822,0.8796789510507537,339.1695775733877,Moderado
Engativá,11.276419559615544,60.79682886979577,9.54230368798516,39.53359702542174,0.1938846348865082,37.1059751411785,28.922780648207844,0.4295694280712733,0.8651660982569735,0.1034071905524383,0.27689699117992905,0.08134872990468886,0.9279651514369137,0.7977828197589937,393.7509038639903,Bueno
Teusaquillo,24.19971565704807,32.88461177937619,31.862927823711985,64.40524882092205,1.196561677030542,9.78865208216365,24.753555039752765,0.9762444520001298,0.42683500263197033,0.6679922900622657,0.5785888937998479,1.0,0.12882808062142578,0.6576240443126472,223.72716593617395,Moderado
Ciudad Bolívar,24.12687945014207,53.80661940644733,25.81230803615173,28.1208307983072,0.6524145113643668,38.25830738372809,30.51745187282726,0.9731633699872265,0.7553924402636977,0.5149459525547057,0.13846070292996812,0.5014531460807219,0.9616753144323112,0.8513916159893814,375.01043856081657,Bueno
Bosa,21.47222693121664,54.04528681550436,35.892735669425576,55.89690865765949,0.754923519052048,20.61020205352845,31.01882602879407,0.8608675424858605,0.7591404530626472,0.7699235555028234,0.4753831496418926,0.5953717521227369,0.4454001593392944,0.868246541661488,288.1444253534299,Moderado
La Candelaria,8.066773409670056,11.70305147433562,25.80654004447973,60.2701017668848,0.1737841251272702,11.479652509351688,26.250889301451043,0.2937965282943189,0.09420157170532842,0.5148000551043339,0.5284297651419213,0.06293267164887946,0.1782963658268035,0.7079606190779681,218.6808706479781,Moderado
Sumapaz,10.242345486446206,63.66593893417184,39.0872600127416,19.405000629906286,0.9249565174390956,23.96653315824253,30.110399850910163,0.3858265265365506,0.9102223599617575,0.850726889374245,0.03273811530140227,0.7511557417435315,0.5435857905562959,0.837707560893116,260.09837632901673,Moderado
San Cristóbal,21.427280116404567,37.84140420911071,27.076273550979423,43.61136364648325,0.3308961524051443,35.553104255674285,25.924143850078508,0.8589662240545822,0.5046760515702505,0.5469171058534056,0.3263600980319883,0.2068784860433564,0.8825376881340273,0.6969762669109459,337.7853879421788,Moderado
Usme,8.606128123750665,58.7197352970032,27.43751886141545,26.42524753981281,1.0878597183847851,30.62787102433464,25.404223152809013,0.316612050665948,0.832547596526048,0.5560545617910078,0.11789336210710404,0.9004074211590178,0.7384556179738994,0.6794978536270205,269.5046703127431,Moderado
Bosa,5.06782592046622,25.803224066989763,40.0661441063338,20.38687249018525,0.3256536045302078,33.22964017515074,23.558341346455528,0.16693650140477012,0.31562948913010036,0.8754871008284012,0.04464817226473236,0.20207527118810487,0.8145674014612326,0.6174439956941411,227.49037636598024,Moderado
Teusaquillo,14.363230299000405,63.20900985225303,21.139314648495883,99.14661975314534,0.3097564927300332,28.057417834875107,27.58149918672924,0.5601462036937341,0.9030467843186051,0.3967457436028635,1.0,0.1875103601227733,0.6632599471515658,0.7526923437750402,321.9696129271216,Moderado
Antonio Nariño,23.467714579858743,30.298109117720603,10.36060913802563,42.40007682285145,0.1402046346329043,29.229679758124835,9.758153158792211,0.9452796963084357,0.38621678366900514,0.12410567376380341,0.31166724894240644,0.032167190546569156,0.6975531301823669,0.15351672023332577,347.824860564534,Moderado
Suba,17.704715120199353,5.704447346219394,6.151307052533559,83.83932789764397,0.6192736396209991,34.72184780478618,31.42612277596785,0.7014960792065114,0.0,0.017634222860216063,0.814323309050182,0.47108952684993755,0.8582202305330717,0.8819388237992999,319.1758160198975,Moderado
San Cristóbal,14.68146808214476,63.84982846725214,35.20549022694476,36.64445565491992,0.721325246588878,13.738380310071507,31.15530583235696,0.5736081445487509,0.9131101456309483,0.7525401465904511,0.24185184966012432,0.5645890630075056,0.2443728666075444,0.872834646009149,275.1757840269511,Moderado
Teusaquillo,3.332235850498445,10.93363399109868,29.812382054138588,72.927731389034,0.1722795033711875,22.12987372750992,5.877418491036774,0.09351840931146754,0.08211870464651498,0.6161251209219994,0.6819661846271483,0.061554139350700185,0.4898564176455436,0.023056277468671203,156.71994373316906,Crítico
Bosa,15.760173440780074,25.755386443376967,33.16319072396894,79.61936809062335,0.9530803783645116,12.742330463686075,29.77450251694288,0.6192390171448916,0.31487825113627255,0.7008815611895671,0.763135405905367,0.776922782847686,0.21523456652934572,0.826415545678331,201.74070990118472,Moderado
Ciudad Bolívar,24.76129240250232,66.75402785830232,13.518566460356428,65.62929295166677,0.5986177182228303,39.568380279882646,8.866096024203356,1.0,0.9587174471530274,0.20398406955749987,0.593436488391934,0.45216460124593544,1.0,0.12352802512443224,366.6275469078067,Bueno
Chapinero,4.362016365676577,66.78946455094115,10.45485902347079,55.08397602676346,0.6768292962603379,38.04207688903146,15.053565627774256,0.1370796868317062,0.9592739419760429,0.12648966090633465,0.46552231715141806,0.5238219370384047,0.9553497383947346,0.33153503750324714,309.18940759639406,Moderado
Engativá,13.43991165672968,42.2734627280136,5.581786626715277,50.00647770251783,0.5848390216320509,6.379938397897707,27.30524768874823,0.5210884248537377,0.5742767235688799,0.0032285886661064865,0.40393251432745564,0.43954057916170475,0.029110056896769026,0.743405470070313,307.15179139680663,Moderado
Teusaquillo,22.05695372627093,46.06941879103695,19.02350235226388,44.6538026561546,0.5408393669628585,29.69513103804909,9.822796881449246,0.8856023726923472,0.6338880964189608,0.34322770178878037,0.3390048315132552,0.3992281585649615,0.7111693755092763,0.1556898779990099,314.7668954030318,Moderado
Tunjuelito,18.778446826100907,34.14895892859079,28.59670747418532,94.0099772610652,0.7156043644390396,37.3836911095483,29.539010723571867,0.7469165587491504,0.4466902032908891,0.585375454177874,0.9376927813538165,0.5593475989746035,0.9360894147478641,0.818498909716101,284.6321823984636,Moderado
Barrios Unidos,17.72837778388643,24.0587001603742,20.68976180398929,85.60264966195697,0.2707642705237837,11.320137079456671,29.964025338732256,0.7024970457664219,0.2882336332991684,0.3853746082839175,0.8357123145887265,0.15178574197751799,0.17362992420216894,0.8327868215736112,274.4643514573994,Moderado
Barrios Unidos,17.85961801569062,26.363195449044536,22.498996880949164,97.02728740665356,0.3001209435447982,24.87808306934204,20.224032012825084,0.7080487066059687,0.32442323233651027,0.4311379865725686,0.9742926037581181,0.1786822837581701,0.5702521415850722,0.5053529847847703,268.0013788270924,Moderado
Sumapaz,9.627787629274124,48.713699645007495,41.166347779749934,25.5652639962713,1.047964183114869,37.04209041558146,5.191576151505007,0.359829797161762,0.675413659225613,0.903316009046182,0.10746180438001347,0.8638551888784506,0.9260962767901127,0.0,193.11193829089868,Crítico
Suba,8.04620426234784,53.9043444134492,18.93021868093201,77.12373539230975,1.140727008346996,6.18810925050296,13.611143995247383,0.29292642216815795,0.7569271055054565,0.34086815437911605,0.7328635050607707,0.9488443565120322,0.023498314391293847,0.2830444858568467,189.20000277736062,Crítico
Bosa,20.424667731484327,56.45263784218015,25.55957956639244,94.75893882978822,0.5106402479077282,29.4097093536394,23.507807551272265,0.8165541996464645,0.7969452899073335,0.5085533567482279,0.9467776480331629,0.3715597689343054,0.7028196902808361,0.615745177852003,309.34783138877225,Moderado
Usaquén,20.44272147230033,56.325179281646,36.34612050964572,30.404810624081115,0.3978191404579091,15.407215258039276,34.435585340822705,0.8173179002626373,0.7949436914565642,0.7813916185630414,0.16616526492885816,0.2681932318580056,0.2931927260466404,0.983109311428051,315.9817741379321,Moderado
Usaquén,21.809735645922487,10.928396698164876,20.861711292850806,20.65218272617609,0.8083994975629172,37.35386683817856,23.95440581050005,0.8751446729715323,0.08203645864139303,0.3897239543725045,0.04786637226764076,0.6443663670523391,0.9352169397688871,0.6307586770022758,308.58181346200206,Moderado
Sumapaz,22.91777326135531,37.137319805667794,29.88346800911494,77.99525518965501,0.549607588207906,38.98703858078788,12.794107431924791,0.9220163445144564,0.4936191696689006,0.6179231921013727,0.7434349969742907,0.4072615903128508,0.9829935128872674,0.2555777918074883,283.4504295432977,Moderado
Teusaquillo,13.272217572662507,8.741319401081878,39.49454834986981,63.83021462029251,0.1279249912263793,38.04932711897019,24.020171092988345,0.5139947107788616,0.047690781809579925,0.8610289725484632,0.5716137574684991,0.020916598842983258,0.9555618355868151,0.632969538760812,239.4803295508278,Moderado
Fontibón,13.03639107249279,40.71937735104281,42.98082494630569,86.55544602445312,0.2717678571028094,21.59749758301124,21.199561391475665,0.5040188921756686,0.5498714982950978,0.9492119824476817,0.8472696872061256,0.1527052265640017,0.4742823618799907,0.5381478047259887,212.5721925366011,Moderado
Santa Fe,20.159084295202604,33.69948258926951,10.882939237161516,26.88065201323461,0.8875694517321372,35.17149278462597,28.395361854534308,0.8053196175174314,0.4396316648869356,0.1373176605435812,0.1234173957811804,0.7169017656842088,0.8713740806127368,0.7800523395185481,355.3812429164651,Bueno
Bosa,16.599134338666364,62.70077187928948,42.06350500645978,82.59772150809067,0.8248163361011663,34.559228948727466,8.209419164808752,0.6547283354634962,0.8950654581915662,0.9260089946472069,0.7992626851298541,0.6594074510108026,0.8534630017222773,0.10145221701991335,220.46168988867802,Moderado
Tunjuelito,17.84720505418488,27.809475815885115,24.684651723181528,32.138322204058284,0.1298055917538318,16.168516563513947,27.83083707506084,0.7075236195092235,0.34713549685224293,0.4864226483764807,0.1871926744100246,0.022639602353058626,0.31546372580568394,0.761074450281837,305.75737639741135,Moderado
